Фамилия,Имя,Номер
Semen,Semenov,33322211152
Semen,Semenov,33322211152
Semen,Semenov,33322211152
Semen,Semenov,33322211152
Semen,Semenov,33322211152
Semen,Semenov,33322211152
Semen,Semenov,33322211152
Semen,Semenov,33322211152
Kola,Fedorov,12354655644
Semen,Semenov,33322211152
Semen,Semenov,33322211152
Semen,Semenov,33322211152
Semen,Semenov,33322211152
Semen,Semenov,33322211152
Semen,Semenov,33322211152
Semen,Semenov,33322211152
Semen,Semenov,33322211152
Kola,Fedorov,12354655644
Ivanov,Ivan,22222222222
